,タイトル,投稿日,リンク
0,Python初学者必見 プロのフリーランスが教えるPython無料講座,2021.09.12,https://gyoumu-kouritsuka-pro.site/python-study01/
1,生産性が３倍になる、エンジニア必須級ツール・サービス,2021.02.09,https://gyoumu-kouritsuka-pro.site/tool-and-service/
2,プログラミング未経験でも副業で月５万円以上稼ぐためのメンタリングプラン,2021.02.01,https://gyoumu-kouritsuka-pro.site/plan-promotion/
3,副業で月１０万稼ぐための方程式,2020.11.17,https://gyoumu-kouritsuka-pro.site/fukugyou-10man/
4,案件が溢れるほど獲得できる提案文の書き方,2020.11.15,https://gyoumu-kouritsuka-pro.site/menta-teian/
5,コースチュートリアル(Python/Django)　全コース共通,2020.11.14,https://gyoumu-kouritsuka-pro.site/python-django-basic/
6,【就活対策２０２０】コロナ不況下だからこそ万全の対策を！パーソナルコーチと挑む、大逆転の就活,2020.06.03,https://gyoumu-kouritsuka-pro.site/corona-syuukatsu/
7,Google vs Siriで音声認識精度対決をしてみたら驚きの結果に！！,2020.06.01,https://gyoumu-kouritsuka-pro.site/google-vs-siri/
8,Web会議システムで自動で字幕を付けるシステムに自動で議事録機能を追加！,2020.05.31,https://gyoumu-kouritsuka-pro.site/webmeet-gizimemo/
9,超丁寧UWSC入門講座④：画像認識でWeb操作を行う方法を紹介,2020.05.29,https://gyoumu-kouritsuka-pro.site/uwsc-tutorial-04/
10,【AutoIT】IEでClassNameを指定して要素を取得する方法,2020.05.28,https://gyoumu-kouritsuka-pro.site/autoit-ie-classname/
11,【2020年版】Edgeの各種設定に対応するレジストリを紹介,2020.05.27,https://gyoumu-kouritsuka-pro.site/edge-reg/
12,超丁寧UWSC入門講座③：Excel明細データを読み取りIEを使ったWebフォームへ自動入力する方法,2020.05.25,https://gyoumu-kouritsuka-pro.site/uwsc-tutorial-03/
13,中古ドメインの効果と当たりドメインの選び方を紹介,2020.05.24,https://gyoumu-kouritsuka-pro.site/old-dmain-select/
14,トイサブ！毎月新しいおもちゃがレンタルできるサービスが凄い,2020.05.24,https://gyoumu-kouritsuka-pro.site/toysub-rental-service/
15,ポイントサイトよりも圧倒的に稼げる！１万円分以上の高額ポイントを1日でゲットできる方法,2020.05.24,https://gyoumu-kouritsuka-pro.site/cradit-card-point-get/
16,超丁寧UWSC入門講座②：IEを使ったWebフォームへの入力,2020.05.23,https://gyoumu-kouritsuka-pro.site/uwsc-tutorial-02/
17,超丁寧UWSC入門講座①：インストール、環境構築、簡単なスクリプト作成,2020.05.23,https://gyoumu-kouritsuka-pro.site/uwsc-tutorial-01/
18,複数個所のコピペが簡単に出来る効率化手法を紹介,2020.05.22,https://gyoumu-kouritsuka-pro.site/windows10-copy-method/
19,Web会議で自動的に字幕テロップを表示するツールが凄い,2020.05.21,https://gyoumu-kouritsuka-pro.site/web-meeting-voice-text/
